{"count":1,"self":135.91093759999998,"total":542.19324729999994,"children":{"InitializeActuators":{"count":96,"self":0.0019941,"total":0.0019941,"children":null},"InitializeSensors":{"count":96,"self":0.0019941,"total":0.0019941,"children":null},"AgentSendState":{"count":108017,"self":8.4901927999999991,"total":35.527798,"children":{"CollectObservations":{"count":1036992,"self":3.0037862,"total":3.0037862,"children":null},"WriteActionMask":{"count":1036992,"self":2.0274076,"total":2.0274076,"children":null},"RequestDecision":{"count":1036992,"self":9.0695319999999988,"total":22.0064112,"children":{"AgentInfo.ToProto":{"count":1036992,"self":6.293042,"total":12.9368792,"children":{"GenerateSensorData":{"count":1036992,"self":6.6438372,"total":6.6438371,"children":null}}}}}}},"DecideAction":{"count":108017,"self":368.54064639999996,"total":368.54063709999997,"children":null},"AgentAct":{"count":108017,"self":2.1855059999999997,"total":2.1855061,"children":null},"AgentInfo.ToProto":{"count":1152,"self":0.013934499999999999,"total":0.023375899999999998,"children":{"GenerateSensorData":{"count":1152,"self":0.0094413999999999991,"total":0.0094413999999999991,"children":null}}}},"gauges":{"OptimizeProduction.CumulativeReward":{"count":1152,"max":107.587372,"min":19.8265686,"runningAverage":75.40386,"value":95.58046,"weightedAverage":92.31801}},"metadata":{"timer_format_version":"0.1.0","start_time_seconds":"1712651870","unity_version":"2021.3.24f1","command_line_arguments":"C:\\Program Files\\Unity\\Hub\\Editor\\2021.3.24f1\\Editor\\Unity.exe -projectpath C:\\Users\\migue\\Projects\\IndustrialTwin -useHub -hubIPC -cloudEnvironment production -licensingIpc LicenseClient-migue -hubSessionId 3a3d5326-d8fa-4e71-9d9e-2047c941ac58 -accessToken AyvRBdkG3b37YftNyX7My2ERYwYUP-HTMgT93o1QZHs006f","communication_protocol_version":"1.5.0","com.unity.ml-agents_version":"2.0.1","scene_name":"MainScene","end_time_seconds":"1712652413"}}